Id,Source,Target,Weight
8200,大東醫院,義大醫療財團法人義大醫院,2
9507,大東醫院,杏和醫院(高雄),1
9741,大東醫院,高雄市立小港醫院,12
11978,大東醫院,高雄榮民總醫院,5
12433,大東醫院,國軍高雄總醫院附設民眾診療處,98
13842,大東醫院,阮綜合醫療社團法人阮綜合醫院,2
16323,大東醫院,高雄市立大同醫院,1
17214,大東醫院,長庚醫療財團法人高雄長庚紀念醫院,108
18223,大東醫院,財團法人私立高雄醫學大學附設中和紀念醫院,9
18915,大東醫院,國仁醫院,1
881,天主教聖功醫療財團法人聖功醫院,國軍高雄總醫院左營分院,1
1043,天主教聖功醫療財團法人聖功醫院,長庚醫療財團法人基隆長庚紀念醫院,1
1206,天主教聖功醫療財團法人聖功醫院,長庚醫療財團法人高雄長庚紀念醫院,146
1574,天主教聖功醫療財團法人聖功醫院,郭綜合醫院,1
3773,天主教聖功醫療財團法人聖功醫院,醫療財團法人徐元智先生醫藥基金會亞東紀念醫院,1
5763,天主教聖功醫療財團法人聖功醫院,義大醫療財團法人義大醫院,4
6285,天主教聖功醫療財團法人聖功醫院,高雄榮民總醫院,110
7214,天主教聖功醫療財團法人聖功醫院,阮綜合醫療社團法人阮綜合醫院,14
7788,天主教聖功醫療財團法人聖功醫院,屏基醫療財團法人屏東基督教醫院,1
9792,天主教聖功醫療財團法人聖功醫院,奇美醫療財團法人奇美醫院(奇美醫學中心),1
11823,天主教聖功醫療財團法人聖功醫院,臺中榮民總醫院,1
12077,天主教聖功醫療財團法人聖功醫院,衛生福利部旗山醫院,1
12310,天主教聖功醫療財團法人聖功醫院,財團法人私立高雄醫學大學附設中和紀念醫院,124
13282,天主教聖功醫療財團法人聖功醫院,高雄市立小港醫院,1
14466,天主教聖功醫療財團法人聖功醫院,高雄市立大同醫院,5
15919,天主教聖功醫療財團法人聖功醫院,衛生福利部屏東醫院,1
18867,天主教聖功醫療財團法人聖功醫院,高雄市立民生醫院,2
18926,天主教聖功醫療財團法人聖功醫院,國軍高雄總醫院附設民眾診療處,21
2200,台灣基督長老教會馬偕醫療財團法人臺東馬偕紀念醫院,高雄榮民總醫院,1
1923,安泰醫療社團法人安泰醫院,邱外科醫院,1
7425,安泰醫療社團法人安泰醫院,高雄市立大同醫院,2
8655,安泰醫療社團法人安泰醫院,建佑醫院,1
13852,安泰醫療社團法人安泰醫院,財團法人私立高雄醫學大學附設中和紀念醫院,3
14775,安泰醫療社團法人安泰醫院,高雄榮民總醫院,2
18909,安泰醫療社團法人安泰醫院,長庚醫療財團法人高雄長庚紀念醫院,9
1140,杏和醫院(高雄),健仁醫院,1
1901,杏和醫院(高雄),安泰醫療社團法人安泰醫院,2
2118,杏和醫院(高雄),高雄市立小港醫院,29
4686,杏和醫院(高雄),邱外科醫院,3
5229,杏和醫院(高雄),高雄市立民生醫院,4
7640,杏和醫院(高雄),國立成功大學醫學院附設醫院,2
8203,杏和醫院(高雄),義大醫療財團法人義大醫院,11
9483,杏和醫院(高雄),國軍高雄總醫院附設民眾診療處,43
9974,杏和醫院(高雄),建佑醫院,2
10392,杏和醫院(高雄),國軍高雄總醫院左營分院,2
11492,杏和醫院(高雄),阮綜合醫療社團法人阮綜合醫院,94
11544,杏和醫院(高雄),財團法人私立高雄醫學大學附設中和紀念醫院,76
12012,杏和醫院(高雄),高雄榮民總醫院,37
13066,杏和醫院(高雄),天主教聖功醫療財團法人聖功醫院,2
13841,杏和醫院(高雄),長庚醫療財團法人高雄長庚紀念醫院,243
14923,杏和醫院(高雄),奇美醫療財團法人奇美醫院(奇美醫學中心),1
15266,杏和醫院(高雄),高雄市立聯合醫院,2
19098,杏和醫院(高雄),高雄市立大同醫院,13
3108,阮綜合醫療社團法人阮綜合醫院,健仁醫院,1
3643,阮綜合醫療社團法人阮綜合醫院,衛生福利部雙和醫院,1
3923,阮綜合醫療社團法人阮綜合醫院,佛教慈濟醫療財團法人大林慈濟醫院,1
3947,阮綜合醫療社團法人阮綜合醫院,臺北市立萬芳醫院－委託財團法人私立臺北醫學大學辦理,1
4417,阮綜合醫療社團法人阮綜合醫院,高雄市立小港醫院,24
4597,阮綜合醫療社團法人阮綜合醫院,屏基醫療財團法人屏東基督教醫院,2
4995,阮綜合醫療社團法人阮綜合醫院,中山醫學大學附設醫院,1
5538,阮綜合醫療社團法人阮綜合醫院,中國醫藥大學附設醫院,1
6139,阮綜合醫療社團法人阮綜合醫院,奇美醫療財團法人奇美醫院(奇美醫學中心),7
6179,阮綜合醫療社團法人阮綜合醫院,臺中榮民總醫院,1
6566,阮綜合醫療社團法人阮綜合醫院,建佑醫院,1
9385,阮綜合醫療社團法人阮綜合醫院,義大癌治療醫院,1
9897,阮綜合醫療社團法人阮綜合醫院,大東醫院,1
10101,阮綜合醫療社團法人阮綜合醫院,高雄榮民總醫院,62
10147,阮綜合醫療社團法人阮綜合醫院,彰化基督教醫療財團法人雲林基督教醫院,1
10495,阮綜合醫療社團法人阮綜合醫院,天主教聖功醫療財團法人聖功醫院,2
10914,阮綜合醫療社團法人阮綜合醫院,高雄市立民生醫院,2
11296,阮綜合醫療社團法人阮綜合醫院,義大醫療財團法人義大醫院,19
11670,阮綜合醫療社團法人阮綜合醫院,高雄市立聯合醫院,3
12279,阮綜合醫療社團法人阮綜合醫院,埔基醫療財團法人埔里基督教醫院,1
13979,阮綜合醫療社團法人阮綜合醫院,國立臺灣大學醫學院附設醫院雲林分院,1
14219,阮綜合醫療社團法人阮綜合醫院,佛教慈濟醫療財團法人臺北慈濟醫院,1
14742,阮綜合醫療社團法人阮綜合醫院,台灣基督長老教會新樓醫療財團法人麻豆新樓醫院,1
14767,阮綜合醫療社團法人阮綜合醫院,高雄市立大同醫院,21
14984,阮綜合醫療社團法人阮綜合醫院,國軍高雄總醫院左營分院,10
15415,阮綜合醫療社團法人阮綜合醫院,財團法人天主教耕莘醫院,1
15758,阮綜合醫療社團法人阮綜合醫院,財團法人為恭紀念醫院,1
15776,阮綜合醫療社團法人阮綜合醫院,寶建醫療社團法人寶建醫院,3
15809,阮綜合醫療社團法人阮綜合醫院,衛生福利部南投醫院,1
16256,阮綜合醫療社團法人阮綜合醫院,國立成功大學醫學院附設醫院,2
16638,阮綜合醫療社團法人阮綜合醫院,長庚醫療財團法人林口長庚紀念醫院,3
16851,阮綜合醫療社團法人阮綜合醫院,台灣基督長老教會新樓醫療財團法人臺南新樓醫院,1
16908,阮綜合醫療社團法人阮綜合醫院,沙爾德聖保祿修女會醫療財團法人聖保祿醫院,1
17062,阮綜合醫療社團法人阮綜合醫院,彰化基督教醫療財團法人彰化基督教醫院,1
17310,阮綜合醫療社團法人阮綜合醫院,邱外科醫院,3
17914,阮綜合醫療社團法人阮綜合醫院,醫療財團法人徐元智先生醫藥基金會亞東紀念醫院,1
18012,阮綜合醫療社團法人阮綜合醫院,員生醫院,1
18198,阮綜合醫療社團法人阮綜合醫院,國軍高雄總醫院附設民眾診療處,20
18241,阮綜合醫療社團法人阮綜合醫院,長庚醫療財團法人高雄長庚紀念醫院,85
18894,阮綜合醫療社團法人阮綜合醫院,財團法人私立高雄醫學大學附設中和紀念醫院,85
18980,阮綜合醫療社團法人阮綜合醫院,安泰醫療社團法人安泰醫院,4
4537,枋寮醫療社團法人枋寮醫院,財團法人私立高雄醫學大學附設中和紀念醫院,1
16409,枋寮醫療社團法人枋寮醫院,長庚醫療財團法人高雄長庚紀念醫院,1
381,邱外科醫院,郭綜合醫院,1
1789,邱外科醫院,衛生福利部旗山醫院,1
1919,邱外科醫院,財團法人天主教聖馬爾定醫院,1
4195,邱外科醫院,阮綜合醫療社團法人阮綜合醫院,17
7434,邱外科醫院,高雄榮民總醫院,5
9253,邱外科醫院,高雄市立大同醫院,11
12483,邱外科醫院,健仁醫院,1
14060,邱外科醫院,國軍高雄總醫院附設民眾診療處,5
15082,邱外科醫院,高雄市立民生醫院,4
16115,邱外科醫院,長庚醫療財團法人高雄長庚紀念醫院,16
16280,邱外科醫院,高雄市立小港醫院,6
17018,邱外科醫院,財團法人私立高雄醫學大學附設中和紀念醫院,11
17441,邱外科醫院,義大醫療財團法人義大醫院,1
18595,邱外科醫院,高雄市立聯合醫院,1
12920,長庚醫療財團法人林口長庚紀念醫院,長庚醫療財團法人高雄長庚紀念醫院,1
191,長庚醫療財團法人高雄長庚紀念醫院,衛生福利部旗山醫院,14
343,長庚醫療財團法人高雄長庚紀念醫院,高雄市立鳳山醫院,1463
352,長庚醫療財團法人高雄長庚紀念醫院,國立臺灣大學醫學院附設醫院,2
531,長庚醫療財團法人高雄長庚紀念醫院,台灣基督長老教會新樓醫療財團法人臺南新樓醫院,2
669,長庚醫療財團法人高雄長庚紀念醫院,安泰醫療社團法人安泰醫院,31
1008,長庚醫療財團法人高雄長庚紀念醫院,佛教慈濟醫療財團法人臺中慈濟醫院,1
1547,長庚醫療財團法人高雄長庚紀念醫院,國軍高雄總醫院附設民眾診療處,88
1668,長庚醫療財團法人高雄長庚紀念醫院,財團法人天主教聖馬爾定醫院,3
2070,長庚醫療財團法人高雄長庚紀念醫院,員生醫院,1
2302,長庚醫療財團法人高雄長庚紀念醫院,高雄市立聯合醫院,16
2365,長庚醫療財團法人高雄長庚紀念醫院,大千綜合醫院,1
2458,長庚醫療財團法人高雄長庚紀念醫院,中山醫學大學附設醫院,2
2482,長庚醫療財團法人高雄長庚紀念醫院,郭綜合醫院,2
2796,長庚醫療財團法人高雄長庚紀念醫院,國泰醫療財團法人國泰綜合醫院,1
3154,長庚醫療財團法人高雄長庚紀念醫院,屏基醫療財團法人屏東基督教醫院,68
3191,長庚醫療財團法人高雄長庚紀念醫院,奇美醫療財團法人奇美醫院(奇美醫學中心),9
3528,長庚醫療財團法人高雄長庚紀念醫院,國立成功大學醫學院附設醫院,10
3677,長庚醫療財團法人高雄長庚紀念醫院,臺北榮民總醫院,1
3880,長庚醫療財團法人高雄長庚紀念醫院,三軍總醫院附設民眾診療服務處,3
4460,長庚醫療財團法人高雄長庚紀念醫院,高雄市立小港醫院,27
4646,長庚醫療財團法人高雄長庚紀念醫院,奇美醫療財團法人柳營奇美醫院,4
5554,長庚醫療財團法人高雄長庚紀念醫院,國仁醫院,10
5719,長庚醫療財團法人高雄長庚紀念醫院,長庚醫療財團法人嘉義長庚紀念醫院,9
5756,長庚醫療財團法人高雄長庚紀念醫院,戴德森醫療財團法人嘉義基督教醫院,2
5814,長庚醫療財團法人高雄長庚紀念醫院,國軍高雄總醫院附設屏東民眾診療服務處,4
5879,長庚醫療財團法人高雄長庚紀念醫院,阮綜合醫療社團法人阮綜合醫院,38
5941,長庚醫療財團法人高雄長庚紀念醫院,臺北醫學大學附設醫院,1
6093,長庚醫療財團法人高雄長庚紀念醫院,天主教聖功醫療財團法人聖功醫院,32
6317,長庚醫療財團法人高雄長庚紀念醫院,光田醫療社團法人光田綜合醫院大甲院區,1
6441,長庚醫療財團法人高雄長庚紀念醫院,彰化基督教醫療財團法人彰化基督教醫院,1
6617,長庚醫療財團法人高雄長庚紀念醫院,國軍高雄總醫院左營分院,9
6697,長庚醫療財團法人高雄長庚紀念醫院,衛生福利部恆春旅遊醫院,7
6813,長庚醫療財團法人高雄長庚紀念醫院,台灣基督長老教會馬偕醫療財團法人臺東馬偕紀念醫院,1
7570,長庚醫療財團法人高雄長庚紀念醫院,安泰醫療社團法人潮州安泰醫院,6
8027,長庚醫療財團法人高雄長庚紀念醫院,三軍總醫院澎湖分院附設民眾診療服務處,2
8029,長庚醫療財團法人高雄長庚紀念醫院,醫療財團法人徐元智先生醫藥基金會亞東紀念醫院,1
8837,長庚醫療財團法人高雄長庚紀念醫院,國立臺灣大學醫學院附設醫院雲林分院,1
9166,長庚醫療財團法人高雄長庚紀念醫院,振興醫療財團法人振興醫院,2
9393,長庚醫療財團法人高雄長庚紀念醫院,佛教慈濟醫療財團法人花蓮慈濟醫院,1
9887,長庚醫療財團法人高雄長庚紀念醫院,財團法人天主教若瑟醫院,1
10115,長庚醫療財團法人高雄長庚紀念醫院,杏和醫院(高雄),7
10394,長庚醫療財團法人高雄長庚紀念醫院,敏盛綜合醫院,2
10621,長庚醫療財團法人高雄長庚紀念醫院,臺南市立醫院,2
10816,長庚醫療財團法人高雄長庚紀念醫院,衛生福利部桃園醫院,2
10847,長庚醫療財團法人高雄長庚紀念醫院,邱外科醫院,7
11179,長庚醫療財團法人高雄長庚紀念醫院,台灣基督長老教會新樓醫療財團法人麻豆新樓醫院,1
11321,長庚醫療財團法人高雄長庚紀念醫院,寶建醫療社團法人寶建醫院,26
11525,長庚醫療財團法人高雄長庚紀念醫院,高雄榮民總醫院屏東分院,5
12587,長庚醫療財團法人高雄長庚紀念醫院,臺南市立安南醫院,2
12700,長庚醫療財團法人高雄長庚紀念醫院,義大癌治療醫院,2
12707,長庚醫療財團法人高雄長庚紀念醫院,新光醫療財團法人新光吳火獅紀念醫院,1
12772,長庚醫療財團法人高雄長庚紀念醫院,輔英科技大學附設醫院,27
12792,長庚醫療財團法人高雄長庚紀念醫院,高雄市立大同醫院,17
13079,長庚醫療財團法人高雄長庚紀念醫院,衛生福利部屏東醫院,17
13501,長庚醫療財團法人高雄長庚紀念醫院,中國醫藥大學附設醫院,7
13612,長庚醫療財團法人高雄長庚紀念醫院,義大醫療財團法人義大醫院,84
13990,長庚醫療財團法人高雄長庚紀念醫院,財團法人恆春基督教醫院,2
14058,長庚醫療財團法人高雄長庚紀念醫院,高雄市立民生醫院,74
14089,長庚醫療財團法人高雄長庚紀念醫院,林新醫療社團法人林新醫院,1
14128,長庚醫療財團法人高雄長庚紀念醫院,高雄榮民總醫院,87
14459,長庚醫療財團法人高雄長庚紀念醫院,臺中榮民總醫院,2
14488,長庚醫療財團法人高雄長庚紀念醫院,童綜合醫療社團法人童綜合醫院,1
14696,長庚醫療財團法人高雄長庚紀念醫院,建佑醫院,13
14706,長庚醫療財團法人高雄長庚紀念醫院,台灣基督長老教會馬偕醫療財團法人新竹馬偕紀念醫院,2
15634,長庚醫療財團法人高雄長庚紀念醫院,大東醫院,50
15667,長庚醫療財團法人高雄長庚紀念醫院,秀傳醫療財團法人彰濱秀傳紀念醫院,1
15816,長庚醫療財團法人高雄長庚紀念醫院,國軍高雄總醫院岡山分院,6
16351,長庚醫療財團法人高雄長庚紀念醫院,衛生福利部新營醫院,1
16768,長庚醫療財團法人高雄長庚紀念醫院,健仁醫院,19
17030,長庚醫療財團法人高雄長庚紀念醫院,枋寮醫療社團法人枋寮醫院,12
17073,長庚醫療財團法人高雄長庚紀念醫院,瑞生醫院,1
17212,長庚醫療財團法人高雄長庚紀念醫院,衛生福利部南投醫院,2
17664,長庚醫療財團法人高雄長庚紀念醫院,高雄市立岡山醫院,11
17950,長庚醫療財團法人高雄長庚紀念醫院,財團法人私立高雄醫學大學附設中和紀念醫院,100
18247,長庚醫療財團法人高雄長庚紀念醫院,秀傳醫療社團法人秀傳紀念醫院,1
18600,長庚醫療財團法人高雄長庚紀念醫院,長庚醫療財團法人林口長庚紀念醫院,15
18842,長庚醫療財團法人高雄長庚紀念醫院,佛教慈濟醫療財團法人大林慈濟醫院,5
14513,南門醫療社團法人南門醫院,高雄市立大同醫院,1
2037,屏基醫療財團法人屏東基督教醫院,長庚醫療財團法人高雄長庚紀念醫院,1
3962,屏基醫療財團法人屏東基督教醫院,大東醫院,1
10845,屏基醫療財團法人屏東基督教醫院,義大醫療財團法人義大醫院,1
15527,屏基醫療財團法人屏東基督教醫院,高雄市立大同醫院,1
1540,建佑醫院,寶建醫療社團法人寶建醫院,2
1580,建佑醫院,戴德森醫療財團法人嘉義基督教醫院,2
3170,建佑醫院,輔英科技大學附設醫院,14
3566,建佑醫院,高雄市立小港醫院,149
3720,建佑醫院,高雄榮民總醫院,29
5059,建佑醫院,國仁醫院,4
5451,建佑醫院,奇美醫療財團法人柳營奇美醫院,1
7007,建佑醫院,高雄市立大同醫院,1
8830,建佑醫院,高雄市立鳳山醫院,1
9103,建佑醫院,大東醫院,1
9828,建佑醫院,健仁醫院,3
9966,建佑醫院,杏和醫院(高雄),2
10126,建佑醫院,衛生福利部臺南醫院,1
10387,建佑醫院,財團法人私立高雄醫學大學附設中和紀念醫院,56
11130,建佑醫院,屏基醫療財團法人屏東基督教醫院,3
13418,建佑醫院,義大醫療財團法人義大醫院,19
14149,建佑醫院,長庚醫療財團法人高雄長庚紀念醫院,180
17252,建佑醫院,國軍高雄總醫院左營分院,2
18625,建佑醫院,安泰醫療社團法人安泰醫院,34
18724,建佑醫院,阮綜合醫療社團法人阮綜合醫院,11
18869,建佑醫院,國軍高雄總醫院附設民眾診療處,20
19162,建佑醫院,邱外科醫院,1
547,財團法人私立高雄醫學大學附設中和紀念醫院,衛生福利部雙和醫院,1
1126,財團法人私立高雄醫學大學附設中和紀念醫院,行天宮醫療志業醫療財團法人恩主公醫院,1
1164,財團法人私立高雄醫學大學附設中和紀念醫院,國立成功大學醫學院附設醫院,14
1362,財團法人私立高雄醫學大學附設中和紀念醫院,臺北市立萬芳醫院－委託財團法人私立臺北醫學大學辦理,1
1471,財團法人私立高雄醫學大學附設中和紀念醫院,醫療財團法人徐元智先生醫藥基金會亞東紀念醫院,2
1796,財團法人私立高雄醫學大學附設中和紀念醫院,衛生福利部桃園醫院,1
1841,財團法人私立高雄醫學大學附設中和紀念醫院,衛生福利部屏東醫院,11
2053,財團法人私立高雄醫學大學附設中和紀念醫院,光田醫療社團法人光田綜合醫院,1
2594,財團法人私立高雄醫學大學附設中和紀念醫院,台灣基督長老教會馬偕醫療財團法人新竹馬偕紀念醫院,1
2788,財團法人私立高雄醫學大學附設中和紀念醫院,國泰醫療財團法人國泰綜合醫院,1
3039,財團法人私立高雄醫學大學附設中和紀念醫院,健仁醫院,2
3775,財團法人私立高雄醫學大學附設中和紀念醫院,臺南市立醫院,1
4234,財團法人私立高雄醫學大學附設中和紀念醫院,財團法人臺東基督教醫院,1
4387,財團法人私立高雄醫學大學附設中和紀念醫院,國立臺灣大學醫學院附設醫院,5
4658,財團法人私立高雄醫學大學附設中和紀念醫院,義大醫療財團法人義大醫院,35
4748,財團法人私立高雄醫學大學附設中和紀念醫院,邱外科醫院,6
4950,財團法人私立高雄醫學大學附設中和紀念醫院,南門醫療社團法人南門醫院,1
4992,財團法人私立高雄醫學大學附設中和紀念醫院,中國醫藥大學附設醫院,5
5127,財團法人私立高雄醫學大學附設中和紀念醫院,阮綜合醫療社團法人阮綜合醫院,32
5876,財團法人私立高雄醫學大學附設中和紀念醫院,高雄市立聯合醫院,28
6197,財團法人私立高雄醫學大學附設中和紀念醫院,台灣基督長老教會馬偕醫療財團法人淡水馬偕紀念醫院,2
6860,財團法人私立高雄醫學大學附設中和紀念醫院,衛生福利部旗山醫院,4
7043,財團法人私立高雄醫學大學附設中和紀念醫院,建佑醫院,1
7050,財團法人私立高雄醫學大學附設中和紀念醫院,高雄市立民生醫院,12
7252,財團法人私立高雄醫學大學附設中和紀念醫院,佛教慈濟醫療財團法人花蓮慈濟醫院,2
7510,財團法人私立高雄醫學大學附設中和紀念醫院,長庚醫療財團法人雲林長庚紀念醫院,1
7629,財團法人私立高雄醫學大學附設中和紀念醫院,佛教慈濟醫療財團法人臺北慈濟醫院,1
8207,財團法人私立高雄醫學大學附設中和紀念醫院,財團法人天主教若瑟醫院,1
8212,財團法人私立高雄醫學大學附設中和紀念醫院,臺北市立聯合醫院中興院區,1
8220,財團法人私立高雄醫學大學附設中和紀念醫院,高雄市立大同醫院,126
8784,財團法人私立高雄醫學大學附設中和紀念醫院,秀傳醫療財團法人彰濱秀傳紀念醫院,3
8957,財團法人私立高雄醫學大學附設中和紀念醫院,臺北榮民總醫院,3
9498,財團法人私立高雄醫學大學附設中和紀念醫院,敏盛綜合醫院,1
9716,財團法人私立高雄醫學大學附設中和紀念醫院,台灣基督長老教會新樓醫療財團法人臺南新樓醫院,1
10259,財團法人私立高雄醫學大學附設中和紀念醫院,高雄市立小港醫院,55
10265,財團法人私立高雄醫學大學附設中和紀念醫院,安泰醫療社團法人安泰醫院,7
10281,財團法人私立高雄醫學大學附設中和紀念醫院,寶建醫療社團法人寶建醫院,3
11461,財團法人私立高雄醫學大學附設中和紀念醫院,長庚醫療財團法人林口長庚紀念醫院,4
11554,財團法人私立高雄醫學大學附設中和紀念醫院,長庚醫療財團法人高雄長庚紀念醫院,120
12057,財團法人私立高雄醫學大學附設中和紀念醫院,臺北醫學大學附設醫院,1
12236,財團法人私立高雄醫學大學附設中和紀念醫院,國立臺灣大學醫學院附設醫院雲林分院,1
12270,財團法人私立高雄醫學大學附設中和紀念醫院,衛生福利部臺南醫院,1
12746,財團法人私立高雄醫學大學附設中和紀念醫院,臺南市立安南醫院,1
12882,財團法人私立高雄醫學大學附設中和紀念醫院,奇美醫療財團法人奇美醫院(奇美醫學中心),10
13106,財團法人私立高雄醫學大學附設中和紀念醫院,國軍高雄總醫院附設民眾診療處,29
13435,財團法人私立高雄醫學大學附設中和紀念醫院,臺中榮民總醫院,1
13535,財團法人私立高雄醫學大學附設中和紀念醫院,屏基醫療財團法人屏東基督教醫院,8
13547,財團法人私立高雄醫學大學附設中和紀念醫院,陽明醫院,1
13721,財團法人私立高雄醫學大學附設中和紀念醫院,國軍高雄總醫院岡山分院,1
13827,財團法人私立高雄醫學大學附設中和紀念醫院,台灣基督長老教會新樓醫療財團法人麻豆新樓醫院,2
13982,財團法人私立高雄醫學大學附設中和紀念醫院,國軍高雄總醫院左營分院,12
14046,財團法人私立高雄醫學大學附設中和紀念醫院,長庚醫療財團法人嘉義長庚紀念醫院,2
14090,財團法人私立高雄醫學大學附設中和紀念醫院,奇美醫療財團法人柳營奇美醫院,6
14251,財團法人私立高雄醫學大學附設中和紀念醫院,佛教慈濟醫療財團法人大林慈濟醫院,1
14349,財團法人私立高雄醫學大學附設中和紀念醫院,高雄市立岡山醫院,2
15506,財團法人私立高雄醫學大學附設中和紀念醫院,童綜合醫療社團法人童綜合醫院,2
15869,財團法人私立高雄醫學大學附設中和紀念醫院,臺北市立聯合醫院仁愛院區,1
16014,財團法人私立高雄醫學大學附設中和紀念醫院,輔英科技大學附設醫院,3
16391,財團法人私立高雄醫學大學附設中和紀念醫院,天主教聖功醫療財團法人聖功醫院,17
16468,財團法人私立高雄醫學大學附設中和紀念醫院,彰化基督教醫療財團法人彰化基督教醫院,2
16983,財團法人私立高雄醫學大學附設中和紀念醫院,澄清綜合醫院中港分院,1
17270,財團法人私立高雄醫學大學附設中和紀念醫院,衛生福利部新營醫院,1
17534,財團法人私立高雄醫學大學附設中和紀念醫院,國立臺灣大學醫學院附設醫院新竹分院,1
17719,財團法人私立高雄醫學大學附設中和紀念醫院,振興醫療財團法人振興醫院,2
18104,財團法人私立高雄醫學大學附設中和紀念醫院,枋寮醫療社團法人枋寮醫院,1
18531,財團法人私立高雄醫學大學附設中和紀念醫院,佛教慈濟醫療財團法人臺中慈濟醫院,2
18610,財團法人私立高雄醫學大學附設中和紀念醫院,安泰醫療社團法人潮州安泰醫院,2
18617,財團法人私立高雄醫學大學附設中和紀念醫院,台灣基督長老教會馬偕醫療財團法人臺東馬偕紀念醫院,1
18722,財團法人私立高雄醫學大學附設中和紀念醫院,高雄榮民總醫院,95
928,財團法人恆春基督教醫院,長庚醫療財團法人高雄長庚紀念醫院,2
9983,財團法人恆春基督教醫院,國軍高雄總醫院左營分院,1
15368,財團法人臺東基督教醫院,高雄市立大同醫院,1
609,高雄市立大同醫院,東元綜合醫院,1
900,高雄市立大同醫院,高雄市立民生醫院,17
1526,高雄市立大同醫院,邱外科醫院,2
1998,高雄市立大同醫院,長庚醫療財團法人林口長庚紀念醫院,3
2226,高雄市立大同醫院,台灣基督長老教會馬偕醫療財團法人新竹馬偕紀念醫院,1
2548,高雄市立大同醫院,國立成功大學醫學院附設醫院,5
2933,高雄市立大同醫院,國軍高雄總醫院左營分院,14
3055,高雄市立大同醫院,安泰醫療社團法人安泰醫院,2
3128,高雄市立大同醫院,奇美醫療財團法人柳營奇美醫院,2
3358,高雄市立大同醫院,長庚醫療財團法人高雄長庚紀念醫院,86
3642,高雄市立大同醫院,屏基醫療財團法人屏東基督教醫院,7
3843,高雄市立大同醫院,台灣基督長老教會馬偕醫療財團法人臺東馬偕紀念醫院,1
3893,高雄市立大同醫院,佛教慈濟醫療財團法人大林慈濟醫院,2
4414,高雄市立大同醫院,阮綜合醫療社團法人阮綜合醫院,39
5645,高雄市立大同醫院,杏和醫院(高雄),1
6036,高雄市立大同醫院,寶建醫療社團法人寶建醫院,2
6276,高雄市立大同醫院,高雄榮民總醫院,70
6449,高雄市立大同醫院,沙爾德聖保祿修女會醫療財團法人聖保祿醫院,1
6600,高雄市立大同醫院,高雄市立小港醫院,16
6626,高雄市立大同醫院,台灣基督長老教會新樓醫療財團法人臺南新樓醫院,1
6790,高雄市立大同醫院,台灣基督長老教會新樓醫療財團法人麻豆新樓醫院,1
7103,高雄市立大同醫院,奇美醫療財團法人奇美醫院(奇美醫學中心),3
7593,高雄市立大同醫院,臺北榮民總醫院,2
7892,高雄市立大同醫院,高雄市立鳳山醫院,1
8416,高雄市立大同醫院,彰化基督教醫療財團法人員林基督教醫院,1
8603,高雄市立大同醫院,林新醫療社團法人林新醫院,1
9080,高雄市立大同醫院,中國醫藥大學附設醫院,1
9298,高雄市立大同醫院,衛生福利部桃園醫院,1
9349,高雄市立大同醫院,國軍高雄總醫院附設民眾診療處,25
9415,高雄市立大同醫院,天成醫療社團法人天晟醫院,1
10191,高雄市立大同醫院,敏盛綜合醫院,1
11047,高雄市立大同醫院,財團法人臺東基督教醫院,1
11201,高雄市立大同醫院,臺北醫學大學附設醫院,1
12062,高雄市立大同醫院,臺北市立萬芳醫院－委託財團法人私立臺北醫學大學辦理,2
12454,高雄市立大同醫院,臺中榮民總醫院,2
12794,高雄市立大同醫院,臺南市立醫院,1
13134,高雄市立大同醫院,高雄榮民總醫院屏東分院,1
13345,高雄市立大同醫院,財團法人私立高雄醫學大學附設中和紀念醫院,716
13463,高雄市立大同醫院,國仁醫院,1
13502,高雄市立大同醫院,國立臺灣大學醫學院附設醫院新竹分院,1
13573,高雄市立大同醫院,長庚醫療財團法人基隆長庚紀念醫院,1
14237,高雄市立大同醫院,衛生福利部屏東醫院,1
14909,高雄市立大同醫院,郭綜合醫院,1
15346,高雄市立大同醫院,戴德森醫療財團法人嘉義基督教醫院,3
15583,高雄市立大同醫院,輔英科技大學附設醫院,2
15842,高雄市立大同醫院,財團法人天主教聖馬爾定醫院,2
15907,高雄市立大同醫院,枋寮醫療社團法人枋寮醫院,1
16262,高雄市立大同醫院,臺南市立安南醫院,1
16923,高雄市立大同醫院,天主教聖功醫療財團法人聖功醫院,5
17057,高雄市立大同醫院,衛生福利部豐原醫院,1
17242,高雄市立大同醫院,陽明醫院,1
17295,高雄市立大同醫院,台灣基督長老教會馬偕醫療財團法人馬偕紀念醫院,1
17735,高雄市立大同醫院,彰化基督教醫療財團法人彰化基督教醫院,1
18116,高雄市立大同醫院,義大醫療財團法人義大醫院,23
18199,高雄市立大同醫院,國立臺灣大學醫學院附設醫院,2
19071,高雄市立大同醫院,高雄市立聯合醫院,33
123,高雄市立小港醫院,佛教慈濟醫療財團法人大林慈濟醫院,2
479,高雄市立小港醫院,長庚醫療財團法人高雄長庚紀念醫院,242
491,高雄市立小港醫院,國軍高雄總醫院左營分院,13
903,高雄市立小港醫院,奇美醫療財團法人奇美醫院(奇美醫學中心),9
913,高雄市立小港醫院,高雄榮民總醫院,87
1393,高雄市立小港醫院,中山醫學大學附設醫院,1
2347,高雄市立小港醫院,長庚醫療財團法人基隆長庚紀念醫院,2
2487,高雄市立小港醫院,高雄榮民總醫院屏東分院,3
2591,高雄市立小港醫院,中國醫藥大學附設醫院,1
3123,高雄市立小港醫院,衛生福利部桃園醫院,1
4241,高雄市立小港醫院,郭綜合醫院,1
4518,高雄市立小港醫院,國立成功大學醫學院附設醫院,3
4756,高雄市立小港醫院,建佑醫院,25
4932,高雄市立小港醫院,彰化基督教醫療財團法人彰化基督教醫院,4
5095,高雄市立小港醫院,國立臺灣大學醫學院附設醫院雲林分院,1
5232,高雄市立小港醫院,光田醫療社團法人光田綜合醫院大甲院區,1
5475,高雄市立小港醫院,安泰醫療社團法人潮州安泰醫院,2
5578,高雄市立小港醫院,輔英科技大學附設醫院,8
5583,高雄市立小港醫院,國立臺灣大學醫學院附設醫院新竹分院,1
6085,高雄市立小港醫院,健仁醫院,3
6577,高雄市立小港醫院,阮綜合醫療社團法人阮綜合醫院,49
6607,高雄市立小港醫院,屏基醫療財團法人屏東基督教醫院,4
7209,高雄市立小港醫院,臺南市立安南醫院,2
7243,高雄市立小港醫院,國軍高雄總醫院岡山分院,1
7276,高雄市立小港醫院,國立臺灣大學醫學院附設醫院,1
9765,高雄市立小港醫院,杏和醫院(高雄),2
10121,高雄市立小港醫院,國軍高雄總醫院附設屏東民眾診療服務處,1
11269,高雄市立小港醫院,國仁醫院,2
12058,高雄市立小港醫院,天主教聖功醫療財團法人聖功醫院,2
12109,高雄市立小港醫院,奇美醫療財團法人柳營奇美醫院,3
12322,高雄市立小港醫院,枋寮醫療社團法人枋寮醫院,1
12502,高雄市立小港醫院,高雄市立大同醫院,37
12797,高雄市立小港醫院,童綜合醫療社團法人童綜合醫院,2
12897,高雄市立小港醫院,長庚醫療財團法人嘉義長庚紀念醫院,1
13031,高雄市立小港醫院,高雄市立聯合醫院,1
13325,高雄市立小港醫院,邱外科醫院,3
13495,高雄市立小港醫院,長庚醫療財團法人林口長庚紀念醫院,1
13699,高雄市立小港醫院,國軍臺中總醫院附設民眾診療服務處,1
14458,高雄市立小港醫院,衛生福利部屏東醫院,2
14737,高雄市立小港醫院,安泰醫療社團法人安泰醫院,10
14773,高雄市立小港醫院,高雄市立民生醫院,14
15360,高雄市立小港醫院,寶建醫療社團法人寶建醫院,11
15507,高雄市立小港醫院,財團法人私立高雄醫學大學附設中和紀念醫院,485
16423,高雄市立小港醫院,醫療財團法人徐元智先生醫藥基金會亞東紀念醫院,1
17039,高雄市立小港醫院,大東醫院,2
17497,高雄市立小港醫院,臺中榮民總醫院,2
17560,高雄市立小港醫院,東勢區農會附設農民醫院,1
17646,高雄市立小港醫院,國軍高雄總醫院附設民眾診療處,41
17749,高雄市立小港醫院,義大醫療財團法人義大醫院,45
18143,高雄市立小港醫院,高雄市立鳳山醫院,1
18368,高雄市立小港醫院,佛教慈濟醫療財團法人臺中慈濟醫院,1
18951,高雄市立小港醫院,臺中榮民總醫院嘉義分院,1
19134,高雄市立小港醫院,戴德森醫療財團法人嘉義基督教醫院,1
234,高雄市立民生醫院,光田醫療社團法人光田綜合醫院,1
322,高雄市立民生醫院,屏基醫療財團法人屏東基督教醫院,1
788,高雄市立民生醫院,衛生福利部臺南醫院,1
1253,高雄市立民生醫院,阮綜合醫療社團法人阮綜合醫院,18
4592,高雄市立民生醫院,邱外科醫院,1
6423,高雄市立民生醫院,中國醫藥大學附設醫院,1
6702,高雄市立民生醫院,輔英科技大學附設醫院,1
7173,高雄市立民生醫院,高雄市立聯合醫院,7
7569,高雄市立民生醫院,高雄市立岡山醫院,1
8209,高雄市立民生醫院,國軍高雄總醫院附設民眾診療處,30
9420,高雄市立民生醫院,國軍高雄總醫院左營分院,2
12093,高雄市立民生醫院,高雄市立小港醫院,5
12641,高雄市立民生醫院,長庚醫療財團法人高雄長庚紀念醫院,69
13280,高雄市立民生醫院,天主教聖功醫療財團法人聖功醫院,3
14723,高雄市立民生醫院,義大醫療財團法人義大醫院,6
15529,高雄市立民生醫院,高雄市立大同醫院,8
16380,高雄市立民生醫院,奇美醫療財團法人奇美醫院(奇美醫學中心),2
16772,高雄市立民生醫院,杏和醫院(高雄),1
17287,高雄市立民生醫院,高雄榮民總醫院,31
18452,高雄市立民生醫院,財團法人私立高雄醫學大學附設中和紀念醫院,77
18517,高雄市立民生醫院,健仁醫院,1
204,高雄市立岡山醫院,臺北榮民總醫院,1
1121,高雄市立岡山醫院,國軍高雄總醫院岡山分院,27
1242,高雄市立岡山醫院,長庚醫療財團法人嘉義長庚紀念醫院,1
2431,高雄市立岡山醫院,衛生福利部屏東醫院,1
2666,高雄市立岡山醫院,奇美醫療財團法人柳營奇美醫院,2
2845,高雄市立岡山醫院,衛生福利部臺南醫院,2
2870,高雄市立岡山醫院,中國醫藥大學附設醫院,1
3195,高雄市立岡山醫院,屏基醫療財團法人屏東基督教醫院,1
6258,高雄市立岡山醫院,臺南市立醫院,25
6816,高雄市立岡山醫院,高雄市立聯合醫院,1
7444,高雄市立岡山醫院,健仁醫院,6
7497,高雄市立岡山醫院,長庚醫療財團法人高雄長庚紀念醫院,116
7760,高雄市立岡山醫院,國軍高雄總醫院附設民眾診療處,15
7832,高雄市立岡山醫院,台灣基督長老教會新樓醫療財團法人麻豆新樓醫院,3
8257,高雄市立岡山醫院,長庚醫療財團法人林口長庚紀念醫院,1
8551,高雄市立岡山醫院,阮綜合醫療社團法人阮綜合醫院,6
8823,高雄市立岡山醫院,戴德森醫療財團法人嘉義基督教醫院,2
9145,高雄市立岡山醫院,高雄市立小港醫院,5
10269,高雄市立岡山醫院,高雄市立大同醫院,2
10683,高雄市立岡山醫院,國軍高雄總醫院左營分院,16
10919,高雄市立岡山醫院,衛生福利部旗山醫院,1
11151,高雄市立岡山醫院,財團法人私立高雄醫學大學附設中和紀念醫院,60
12452,高雄市立岡山醫院,財團法人天主教聖馬爾定醫院,1
14017,高雄市立岡山醫院,高雄榮民總醫院,200
14035,高雄市立岡山醫院,臺南市立安南醫院,2
14432,高雄市立岡山醫院,奇美醫療財團法人佳里奇美醫院,2
15469,高雄市立岡山醫院,奇美醫療財團法人奇美醫院(奇美醫學中心),21
15743,高雄市立岡山醫院,義大醫療財團法人義大醫院,457
16777,高雄市立岡山醫院,童綜合醫療社團法人童綜合醫院,1
17118,高雄市立岡山醫院,國立臺灣大學醫學院附設醫院雲林分院,1
17409,高雄市立岡山醫院,寶建醫療社團法人寶建醫院,1
17756,高雄市立岡山醫院,國立成功大學醫學院附設醫院,50
17859,高雄市立岡山醫院,台灣基督長老教會新樓醫療財團法人臺南新樓醫院,12
2592,高雄市立鳳山醫院,長庚醫療財團法人高雄長庚紀念醫院,1074
4787,高雄市立鳳山醫院,國軍高雄總醫院附設民眾診療處,17
4794,高雄市立鳳山醫院,高雄市立大同醫院,2
6685,高雄市立鳳山醫院,安泰醫療社團法人潮州安泰醫院,1
7200,高雄市立鳳山醫院,義大醫療財團法人義大醫院,5
7462,高雄市立鳳山醫院,杏和醫院(高雄),1
7657,高雄市立鳳山醫院,阮綜合醫療社團法人阮綜合醫院,2
9394,高雄市立鳳山醫院,高雄市立小港醫院,3
10038,高雄市立鳳山醫院,高雄市立民生醫院,1
10963,高雄市立鳳山醫院,大東醫院,6
15895,高雄市立鳳山醫院,高雄榮民總醫院,9
17824,高雄市立鳳山醫院,財團法人私立高雄醫學大學附設中和紀念醫院,6
18768,高雄市立鳳山醫院,天主教聖功醫療財團法人聖功醫院,1
814,高雄市立聯合醫院,彰化基督教醫療財團法人彰化基督教醫院,1
831,高雄市立聯合醫院,阮綜合醫療社團法人阮綜合醫院,27
1036,高雄市立聯合醫院,財團法人私立高雄醫學大學附設中和紀念醫院,181
1588,高雄市立聯合醫院,國泰醫療財團法人新竹國泰綜合醫院,1
2384,高雄市立聯合醫院,邱外科醫院,3
2839,高雄市立聯合醫院,高雄榮民總醫院,117
2990,高雄市立聯合醫院,衛生福利部屏東醫院,2
3343,高雄市立聯合醫院,健仁醫院,1
3731,高雄市立聯合醫院,國軍高雄總醫院左營分院,11
4321,高雄市立聯合醫院,台灣基督長老教會馬偕醫療財團法人新竹馬偕紀念醫院,1
5010,高雄市立聯合醫院,國立成功大學醫學院附設醫院,2
5337,高雄市立聯合醫院,台灣基督長老教會新樓醫療財團法人臺南新樓醫院,1
8700,高雄市立聯合醫院,高雄市立民生醫院,2
9019,高雄市立聯合醫院,奇美醫療財團法人奇美醫院(奇美醫學中心),1
9552,高雄市立聯合醫院,義大醫療財團法人義大醫院,19
10015,高雄市立聯合醫院,中國醫藥大學附設醫院,1
12324,高雄市立聯合醫院,長庚醫療財團法人高雄長庚紀念醫院,66
12585,高雄市立聯合醫院,國軍高雄總醫院附設民眾診療處,6
13108,高雄市立聯合醫院,臺南市立醫院,2
13564,高雄市立聯合醫院,天成醫療社團法人天晟醫院,1
13582,高雄市立聯合醫院,高雄市立大同醫院,27
13679,高雄市立聯合醫院,國泰醫療財團法人國泰綜合醫院,1
14551,高雄市立聯合醫院,臺中榮民總醫院,1
15319,高雄市立聯合醫院,李綜合醫療社團法人苑裡李綜合醫院,1
15951,高雄市立聯合醫院,高雄榮民總醫院屏東分院,1
17781,高雄市立聯合醫院,仁愛醫療財團法人大里仁愛醫院,1
18860,高雄市立聯合醫院,長庚醫療財團法人嘉義長庚紀念醫院,1
53,高雄榮民總醫院,國軍高雄總醫院岡山分院,13
118,高雄榮民總醫院,輔英科技大學附設醫院,6
666,高雄榮民總醫院,佛教慈濟醫療財團法人臺中慈濟醫院,2
869,高雄榮民總醫院,大東醫院,2
1330,高雄榮民總醫院,壢新醫院,2
1549,高雄榮民總醫院,枋寮醫療社團法人枋寮醫院,4
1895,高雄榮民總醫院,奇美醫療財團法人佳里奇美醫院,2
2018,高雄榮民總醫院,阮綜合醫療社團法人阮綜合醫院,23
2046,高雄榮民總醫院,振興醫療財團法人振興醫院,2
2172,高雄榮民總醫院,健仁醫院,61
2446,高雄榮民總醫院,衛生福利部金門醫院,1
2759,高雄榮民總醫院,國仁醫院,6
2761,高雄榮民總醫院,新北市立聯合醫院三重院區,1
3300,高雄榮民總醫院,彰化基督教醫療財團法人彰化基督教醫院,4
3531,高雄榮民總醫院,長庚醫療財團法人嘉義長庚紀念醫院,1
3866,高雄榮民總醫院,童綜合醫療社團法人童綜合醫院,2
4212,高雄榮民總醫院,戴德森醫療財團法人嘉義基督教醫院,2
4380,高雄榮民總醫院,秀傳醫療財團法人彰濱秀傳紀念醫院,1
4451,高雄榮民總醫院,長庚醫療財團法人高雄長庚紀念醫院,76
5065,高雄榮民總醫院,財團法人天主教聖馬爾定醫院,1
5066,高雄榮民總醫院,高雄市立民生醫院,7
5183,高雄榮民總醫院,安泰醫療社團法人安泰醫院,7
5527,高雄榮民總醫院,衛生福利部基隆醫院,1
5830,高雄榮民總醫院,天主教聖功醫療財團法人聖功醫院,35
6445,高雄榮民總醫院,東元綜合醫院,1
6807,高雄榮民總醫院,屏基醫療財團法人屏東基督教醫院,10
6830,高雄榮民總醫院,高雄市立大同醫院,13
6926,高雄榮民總醫院,高雄市立岡山醫院,11
7008,高雄榮民總醫院,衛生福利部恆春旅遊醫院,1
7064,高雄榮民總醫院,衛生福利部旗山醫院,15
7524,高雄榮民總醫院,臺中榮民總醫院,2
8162,高雄榮民總醫院,國立臺灣大學醫學院附設醫院,1
8371,高雄榮民總醫院,杏和醫院(高雄),4
8892,高雄榮民總醫院,建佑醫院,1
9406,高雄榮民總醫院,衛生福利部屏東醫院,5
9508,高雄榮民總醫院,三軍總醫院附設民眾診療服務處,4
9581,高雄榮民總醫院,高雄市立小港醫院,15
10902,高雄榮民總醫院,澄清綜合醫院中港分院,1
11334,高雄榮民總醫院,寶建醫療社團法人寶建醫院,11
11564,高雄榮民總醫院,台灣基督長老教會新樓醫療財團法人臺南新樓醫院,3
12442,高雄榮民總醫院,高雄榮民總醫院屏東分院,14
12519,高雄榮民總醫院,臺北醫學大學附設醫院,1
12763,高雄榮民總醫院,國立成功大學醫學院附設醫院,9
12780,高雄榮民總醫院,中國醫藥大學附設醫院,3
12852,高雄榮民總醫院,國軍高雄總醫院左營分院,46
12880,高雄榮民總醫院,長庚醫療財團法人林口長庚紀念醫院,4
13247,高雄榮民總醫院,高雄榮民總醫院臺南分院,2
13483,高雄榮民總醫院,高雄市立聯合醫院,23
13490,高雄榮民總醫院,義大醫療財團法人義大醫院,52
13542,高雄榮民總醫院,台灣基督長老教會馬偕醫療財團法人新竹馬偕紀念醫院,2
13930,高雄榮民總醫院,臺南市立安南醫院,1
14540,高雄榮民總醫院,邱外科醫院,2
14647,高雄榮民總醫院,奇美醫療財團法人奇美醫院(奇美醫學中心),14
14970,高雄榮民總醫院,臺北榮民總醫院,8
15325,高雄榮民總醫院,財團法人私立高雄醫學大學附設中和紀念醫院,66
15382,高雄榮民總醫院,新光醫療財團法人新光吳火獅紀念醫院,1
15413,高雄榮民總醫院,國軍高雄總醫院附設民眾診療處,19
15570,高雄榮民總醫院,財團法人天主教耕莘醫院,1
17042,高雄榮民總醫院,林新醫療社團法人林新醫院,1
17593,高雄榮民總醫院,醫療財團法人徐元智先生醫藥基金會亞東紀念醫院,1
17650,高雄榮民總醫院,中山醫學大學附設醫院,2
17811,高雄榮民總醫院,彰化基督教醫療財團法人鹿港基督教醫院,1
17958,高雄榮民總醫院,衛生福利部臺南醫院,1
17972,高雄榮民總醫院,臺北榮民總醫院臺東分院,1
19128,高雄榮民總醫院,佛教慈濟醫療財團法人大林慈濟醫院,4
6532,高雄榮民總醫院屏東分院,高雄榮民總醫院,1
63,健仁醫院,國軍高雄總醫院附設民眾診療處,17
117,健仁醫院,義大癌治療醫院,1
1057,健仁醫院,高雄市立岡山醫院,2
1097,健仁醫院,阮綜合醫療社團法人阮綜合醫院,18
1675,健仁醫院,臺南市立醫院,2
2217,健仁醫院,高雄市立大同醫院,9
2756,健仁醫院,戴德森醫療財團法人嘉義基督教醫院,1
3107,健仁醫院,臺中榮民總醫院,1
4050,健仁醫院,奇美醫療財團法人柳營奇美醫院,2
5753,健仁醫院,高雄市立聯合醫院,5
6476,健仁醫院,國軍高雄總醫院岡山分院,1
6799,健仁醫院,臺中榮民總醫院嘉義分院,1
7207,健仁醫院,枋寮醫療社團法人枋寮醫院,1
7283,健仁醫院,國仁醫院,2
7523,健仁醫院,邱外科醫院,1
7717,健仁醫院,台灣基督長老教會新樓醫療財團法人臺南新樓醫院,2
8712,健仁醫院,天主教聖功醫療財團法人聖功醫院,3
9533,健仁醫院,屏基醫療財團法人屏東基督教醫院,2
10018,健仁醫院,國立臺灣大學醫學院附設醫院新竹分院,2
10186,健仁醫院,國軍高雄總醫院左營分院,34
10867,健仁醫院,中國醫藥大學附設醫院,1
11630,健仁醫院,安泰醫療社團法人安泰醫院,4
11941,健仁醫院,大東醫院,1
12198,健仁醫院,國立成功大學醫學院附設醫院,11
12603,健仁醫院,澄清綜合醫院中港分院,1
13589,健仁醫院,彰化基督教醫療財團法人員林基督教醫院,1
14268,健仁醫院,高雄市立小港醫院,9
14356,健仁醫院,國軍臺中總醫院附設民眾診療服務處,1
14489,健仁醫院,杏和醫院(高雄),1
14863,健仁醫院,高雄榮民總醫院,342
15005,健仁醫院,衛生福利部旗山醫院,1
15945,健仁醫院,財團法人天主教聖馬爾定醫院,1
15995,健仁醫院,寶建醫療社團法人寶建醫院,1
16461,健仁醫院,高雄市立民生醫院,1
16469,健仁醫院,衛生福利部臺南醫院,1
16514,健仁醫院,奇美醫療財團法人奇美醫院(奇美醫學中心),9
16543,健仁醫院,國立臺灣大學醫學院附設醫院雲林分院,2
16705,健仁醫院,李綜合醫療社團法人苑裡李綜合醫院,1
17338,健仁醫院,長庚醫療財團法人高雄長庚紀念醫院,274
17513,健仁醫院,義大醫療財團法人義大醫院,303
17890,健仁醫院,財團法人私立高雄醫學大學附設中和紀念醫院,89
17433,國仁醫院,財團法人私立高雄醫學大學附設中和紀念醫院,1
262,國軍高雄總醫院左營分院,高雄榮民總醫院,178
2102,國軍高雄總醫院左營分院,壢新醫院,1
3064,國軍高雄總醫院左營分院,天成醫院,1
3601,國軍高雄總醫院左營分院,國立成功大學醫學院附設醫院,3
4081,國軍高雄總醫院左營分院,彰化基督教醫療財團法人彰化基督教醫院,1
4666,國軍高雄總醫院左營分院,阮綜合醫療社團法人阮綜合醫院,16
5242,國軍高雄總醫院左營分院,財團法人私立高雄醫學大學附設中和紀念醫院,58
6483,國軍高雄總醫院左營分院,國仁醫院,2
7257,國軍高雄總醫院左營分院,高雄市立大同醫院,8
10346,國軍高雄總醫院左營分院,陽明醫院,1
10786,國軍高雄總醫院左營分院,健仁醫院,8
10940,國軍高雄總醫院左營分院,國軍高雄總醫院附設屏東民眾診療服務處,1
11723,國軍高雄總醫院左營分院,高雄市立小港醫院,2
13430,國軍高雄總醫院左營分院,高雄市立民生醫院,1
13555,國軍高雄總醫院左營分院,國軍高雄總醫院附設民眾診療處,19
14085,國軍高雄總醫院左營分院,輔英科技大學附設醫院,2
14417,國軍高雄總醫院左營分院,高雄市立聯合醫院,21
14722,國軍高雄總醫院左營分院,義大醫療財團法人義大醫院,47
16312,國軍高雄總醫院左營分院,奇美醫療財團法人奇美醫院(奇美醫學中心),5
16561,國軍高雄總醫院左營分院,邱外科醫院,2
16761,國軍高雄總醫院左營分院,高雄榮民總醫院屏東分院,2
17284,國軍高雄總醫院左營分院,國軍高雄總醫院岡山分院,3
18010,國軍高雄總醫院左營分院,長庚醫療財團法人高雄長庚紀念醫院,62
18137,國軍高雄總醫院左營分院,臺南市立醫院,1
18774,國軍高雄總醫院左營分院,屏基醫療財團法人屏東基督教醫院,1
445,國軍高雄總醫院岡山分院,高雄市立大同醫院,1
1150,國軍高雄總醫院岡山分院,台灣基督長老教會新樓醫療財團法人臺南新樓醫院,1
1309,國軍高雄總醫院岡山分院,陽明醫院,1
1597,國軍高雄總醫院岡山分院,健仁醫院,1
1898,國軍高雄總醫院岡山分院,高雄市立岡山醫院,5
3350,國軍高雄總醫院岡山分院,國立成功大學醫學院附設醫院,19
4531,國軍高雄總醫院岡山分院,邱外科醫院,1
5508,國軍高雄總醫院岡山分院,義大醫療財團法人義大醫院,314
5644,國軍高雄總醫院岡山分院,郭綜合醫院,1
8192,國軍高雄總醫院岡山分院,國軍高雄總醫院附設民眾診療處,40
10457,國軍高雄總醫院岡山分院,高雄榮民總醫院,229
12199,國軍高雄總醫院岡山分院,臺北榮民總醫院,1
14596,國軍高雄總醫院岡山分院,長庚醫療財團法人高雄長庚紀念醫院,44
15649,國軍高雄總醫院岡山分院,義大癌治療醫院,2
17269,國軍高雄總醫院岡山分院,寶建醫療社團法人寶建醫院,1
17530,國軍高雄總醫院岡山分院,阮綜合醫療社團法人阮綜合醫院,7
17621,國軍高雄總醫院岡山分院,國軍高雄總醫院左營分院,34
18496,國軍高雄總醫院岡山分院,高雄市立小港醫院,1
18693,國軍高雄總醫院岡山分院,財團法人私立高雄醫學大學附設中和紀念醫院,41
18777,國軍高雄總醫院岡山分院,臺南市立醫院,7
19090,國軍高雄總醫院岡山分院,奇美醫療財團法人奇美醫院(奇美醫學中心),13
1315,國軍高雄總醫院附設民眾診療處,中國醫藥大學附設醫院,1
1552,國軍高雄總醫院附設民眾診療處,秀傳醫療社團法人秀傳紀念醫院,1
1873,國軍高雄總醫院附設民眾診療處,國軍臺中總醫院附設民眾診療服務處,2
2041,國軍高雄總醫院附設民眾診療處,臺南市立安南醫院,2
2234,國軍高雄總醫院附設民眾診療處,寶建醫療社團法人寶建醫院,1
2359,國軍高雄總醫院附設民眾診療處,安泰醫療社團法人安泰醫院,2
3852,國軍高雄總醫院附設民眾診療處,屏基醫療財團法人屏東基督教醫院,2
4011,國軍高雄總醫院附設民眾診療處,高雄市立小港醫院,11
4012,國軍高雄總醫院附設民眾診療處,高雄榮民總醫院,74
4427,國軍高雄總醫院附設民眾診療處,彰化基督教醫療財團法人鹿港基督教醫院,1
4599,國軍高雄總醫院附設民眾診療處,國立成功大學醫學院附設醫院,1
5014,國軍高雄總醫院附設民眾診療處,台灣基督長老教會馬偕醫療財團法人新竹馬偕紀念醫院,2
6256,國軍高雄總醫院附設民眾診療處,佛教慈濟醫療財團法人臺中慈濟醫院,1
6606,國軍高雄總醫院附設民眾診療處,台灣基督長老教會新樓醫療財團法人臺南新樓醫院,1
6741,國軍高雄總醫院附設民眾診療處,通霄光田醫院,1
6779,國軍高雄總醫院附設民眾診療處,國軍高雄總醫院岡山分院,4
7912,國軍高雄總醫院附設民眾診療處,瑞生醫院,1
8791,國軍高雄總醫院附設民眾診療處,長庚醫療財團法人高雄長庚紀念醫院,165
8800,國軍高雄總醫院附設民眾診療處,義大醫療財團法人義大醫院,26
9928,國軍高雄總醫院附設民眾診療處,國軍高雄總醫院附設屏東民眾診療服務處,54
10082,國軍高雄總醫院附設民眾診療處,陽明醫院,1
12096,國軍高雄總醫院附設民眾診療處,奇美醫療財團法人奇美醫院(奇美醫學中心),4
12581,國軍高雄總醫院附設民眾診療處,澄清綜合醫院中港分院,1
12866,國軍高雄總醫院附設民眾診療處,高雄市立大同醫院,10
12972,國軍高雄總醫院附設民眾診療處,輔英科技大學附設醫院,1
13614,國軍高雄總醫院附設民眾診療處,大東醫院,5
13765,國軍高雄總醫院附設民眾診療處,長庚醫療財團法人嘉義長庚紀念醫院,1
14027,國軍高雄總醫院附設民眾診療處,阮綜合醫療社團法人阮綜合醫院,20
14795,國軍高雄總醫院附設民眾診療處,健仁醫院,1
14827,國軍高雄總醫院附設民眾診療處,高雄榮民總醫院屏東分院,1
15123,國軍高雄總醫院附設民眾診療處,天主教聖功醫療財團法人聖功醫院,6
15138,國軍高雄總醫院附設民眾診療處,三軍總醫院附設民眾診療服務處,1
15220,國軍高雄總醫院附設民眾診療處,國仁醫院,3
16082,國軍高雄總醫院附設民眾診療處,高雄市立聯合醫院,1
16539,國軍高雄總醫院附設民眾診療處,財團法人私立高雄醫學大學附設中和紀念醫院,55
17194,國軍高雄總醫院附設民眾診療處,臺北榮民總醫院員山分院,1
17449,國軍高雄總醫院附設民眾診療處,高雄市立民生醫院,6
17548,國軍高雄總醫院附設民眾診療處,國軍高雄總醫院左營分院,17
18166,國軍高雄總醫院附設民眾診療處,長庚醫療財團法人林口長庚紀念醫院,1
18475,國軍高雄總醫院附設民眾診療處,臺南市立醫院,2
18528,國軍高雄總醫院附設民眾診療處,台灣基督長老教會新樓醫療財團法人麻豆新樓醫院,1
68,瑞生醫院,寶建醫療社團法人寶建醫院,1
1716,瑞生醫院,建佑醫院,1
1979,瑞生醫院,高雄市立大同醫院,1
5453,瑞生醫院,長庚醫療財團法人高雄長庚紀念醫院,34
5732,瑞生醫院,高雄市立小港醫院,12
8266,瑞生醫院,大東醫院,2
10042,瑞生醫院,阮綜合醫療社團法人阮綜合醫院,1
11908,瑞生醫院,高雄市立民生醫院,1
13235,瑞生醫院,義大醫療財團法人義大醫院,1
13622,瑞生醫院,國仁醫院,1
13916,瑞生醫院,財團法人私立高雄醫學大學附設中和紀念醫院,5
17323,瑞生醫院,國軍高雄總醫院附設民眾診療處,15
18742,瑞生醫院,輔英科技大學附設醫院,1
19082,瑞生醫院,高雄榮民總醫院,5
3542,義大癌治療醫院,台灣基督長老教會新樓醫療財團法人臺南新樓醫院,1
5546,義大癌治療醫院,義大醫療財團法人義大醫院,44
6772,義大癌治療醫院,國軍高雄總醫院附設屏東民眾診療服務處,1
11002,義大癌治療醫院,高雄榮民總醫院,2
11174,義大癌治療醫院,國仁醫院,1
13899,義大癌治療醫院,奇美醫療財團法人奇美醫院(奇美醫學中心),1
501,義大醫療財團法人義大醫院,臺灣基督教門諾會醫療財團法人門諾醫院,1
509,義大醫療財團法人義大醫院,台灣基督長老教會馬偕醫療財團法人臺東馬偕紀念醫院,2
1035,義大醫療財團法人義大醫院,醫療財團法人徐元智先生醫藥基金會亞東紀念醫院,2
1432,義大醫療財團法人義大醫院,新光醫療財團法人新光吳火獅紀念醫院,2
1489,義大醫療財團法人義大醫院,戴德森醫療財團法人嘉義基督教醫院,3
2346,義大醫療財團法人義大醫院,國軍高雄總醫院左營分院,39
2867,義大醫療財團法人義大醫院,光田醫療社團法人光田綜合醫院,2
2900,義大醫療財團法人義大醫院,財團法人恆春基督教醫院,1
3018,義大醫療財團法人義大醫院,阮綜合醫療社團法人阮綜合醫院,15
3214,義大醫療財團法人義大醫院,台灣基督長老教會馬偕醫療財團法人淡水馬偕紀念醫院,1
3928,義大醫療財團法人義大醫院,國仁醫院,6
4131,義大醫療財團法人義大醫院,長庚醫療財團法人林口長庚紀念醫院,8
5389,義大醫療財團法人義大醫院,高雄市立岡山醫院,14
5867,義大醫療財團法人義大醫院,奇美醫療財團法人柳營奇美醫院,8
6254,義大醫療財團法人義大醫院,國立成功大學醫學院附設醫院,34
6294,義大醫療財團法人義大醫院,財團法人天主教靈醫會羅東聖母醫院,1
6542,義大醫療財團法人義大醫院,壢新醫院,1
6975,義大醫療財團法人義大醫院,寶建醫療社團法人寶建醫院,20
7076,義大醫療財團法人義大醫院,大千綜合醫院,1
7531,義大醫療財團法人義大醫院,澄清綜合醫院中港分院,4
7784,義大醫療財團法人義大醫院,童綜合醫療社團法人童綜合醫院,3
8072,義大醫療財團法人義大醫院,台灣基督長老教會新樓醫療財團法人臺南新樓醫院,6
8077,義大醫療財團法人義大醫院,國軍高雄總醫院附設民眾診療處,62
8557,義大醫療財團法人義大醫院,中國醫藥大學附設醫院,6
8665,義大醫療財團法人義大醫院,國立臺灣大學醫學院附設醫院,2
9158,義大醫療財團法人義大醫院,台灣基督長老教會馬偕醫療財團法人新竹馬偕紀念醫院,1
9258,義大醫療財團法人義大醫院,國軍高雄總醫院岡山分院,15
9710,義大醫療財團法人義大醫院,枋寮醫療社團法人枋寮醫院,1
9949,義大醫療財團法人義大醫院,三軍總醫院松山分院附設民眾診療服務處,1
10093,義大醫療財團法人義大醫院,長庚醫療財團法人高雄長庚紀念醫院,180
10492,義大醫療財團法人義大醫院,義大癌治療醫院,1502
10539,義大醫療財團法人義大醫院,高雄市立聯合醫院,10
10789,義大醫療財團法人義大醫院,國泰醫療財團法人國泰綜合醫院,1
10882,義大醫療財團法人義大醫院,安泰醫療社團法人安泰醫院,8
10994,義大醫療財團法人義大醫院,佛教慈濟醫療財團法人臺中慈濟醫院,2
11284,義大醫療財團法人義大醫院,衛生福利部豐原醫院,1
11497,義大醫療財團法人義大醫院,輔英科技大學附設醫院,6
11521,義大醫療財團法人義大醫院,臺北醫學大學附設醫院,2
12139,義大醫療財團法人義大醫院,長庚醫療財團法人嘉義長庚紀念醫院,4
12392,義大醫療財團法人義大醫院,衛生福利部屏東醫院,3
12495,義大醫療財團法人義大醫院,奇美醫療財團法人佳里奇美醫院,1
12642,義大醫療財團法人義大醫院,臺南市立醫院,5
13221,義大醫療財團法人義大醫院,奇美醫療財團法人奇美醫院(奇美醫學中心),31
13784,義大醫療財團法人義大醫院,佛教慈濟醫療財團法人臺北慈濟醫院,1
13801,義大醫療財團法人義大醫院,衛生福利部旗山醫院,62
13854,義大醫療財團法人義大醫院,中山醫學大學附設醫院,6
13892,義大醫療財團法人義大醫院,郭綜合醫院,3
13972,義大醫療財團法人義大醫院,臺中榮民總醫院,2
14158,義大醫療財團法人義大醫院,高雄市立小港醫院,13
14215,義大醫療財團法人義大醫院,國軍臺中總醫院附設民眾診療服務處,1
14854,義大醫療財團法人義大醫院,屏基醫療財團法人屏東基督教醫院,27
14939,義大醫療財團法人義大醫院,邱外科醫院,2
15178,義大醫療財團法人義大醫院,財團法人私立高雄醫學大學附設中和紀念醫院,89
15362,義大醫療財團法人義大醫院,佛教慈濟醫療財團法人大林慈濟醫院,3
15768,義大醫療財團法人義大醫院,衛生福利部雙和醫院,1
16130,義大醫療財團法人義大醫院,財團法人天主教耕莘醫院,2
16144,義大醫療財團法人義大醫院,臺南市立安南醫院,6
16172,義大醫療財團法人義大醫院,財團法人天主教若瑟醫院,1
16327,義大醫療財團法人義大醫院,高雄榮民總醫院屏東分院,1
16499,義大醫療財團法人義大醫院,高雄榮民總醫院,141
16542,義大醫療財團法人義大醫院,健仁醫院,28
16597,義大醫療財團法人義大醫院,高雄市立民生醫院,3
16657,義大醫療財團法人義大醫院,陽明醫院,2
16774,義大醫療財團法人義大醫院,國泰醫療財團法人汐止國泰綜合醫院,2
16992,義大醫療財團法人義大醫院,彰化基督教醫療財團法人雲林基督教醫院,1
17970,義大醫療財團法人義大醫院,彰化基督教醫療財團法人彰化基督教醫院,3
18073,義大醫療財團法人義大醫院,建佑醫院,3
18382,義大醫療財團法人義大醫院,高雄市立大同醫院,9
18477,義大醫療財團法人義大醫院,臺北榮民總醫院,1
18901,義大醫療財團法人義大醫院,高雄榮民總醫院臺南分院,1
19060,義大醫療財團法人義大醫院,安泰醫療社團法人潮州安泰醫院,1
17044,臺中榮民總醫院埔里分院,高雄榮民總醫院,2
8893,臺北市立聯合醫院陽明院區,高雄榮民總醫院,1
96,臺南市立醫院,長庚醫療財團法人高雄長庚紀念醫院,1
4005,輔英科技大學附設醫院,長庚醫療財團法人高雄長庚紀念醫院,2
15109,輔英科技大學附設醫院,財團法人私立高雄醫學大學附設中和紀念醫院,1
17989,輔英科技大學附設醫院,義大醫療財團法人義大醫院,1
17912,澄清綜合醫院中港分院,長庚醫療財團法人高雄長庚紀念醫院,1
11,衛生福利部屏東醫院,義大醫療財團法人義大醫院,1
8550,衛生福利部屏東醫院,財團法人私立高雄醫學大學附設中和紀念醫院,3
16441,衛生福利部屏東醫院,長庚醫療財團法人高雄長庚紀念醫院,3
71,衛生福利部旗山醫院,衛生福利部臺南醫院新化分院,1
321,衛生福利部旗山醫院,國立臺灣大學醫學院附設醫院新竹分院,1
406,衛生福利部旗山醫院,台灣基督長老教會馬偕醫療財團法人馬偕紀念醫院,1
1370,衛生福利部旗山醫院,國軍高雄總醫院左營分院,9
1609,衛生福利部旗山醫院,義大醫療財團法人義大醫院,936
1775,衛生福利部旗山醫院,高雄市立民生醫院,4
1794,衛生福利部旗山醫院,國軍高雄總醫院附設民眾診療處,39
2002,衛生福利部旗山醫院,高雄市立大同醫院,17
2021,衛生福利部旗山醫院,台灣基督長老教會新樓醫療財團法人臺南新樓醫院,14
2156,衛生福利部旗山醫院,長庚醫療財團法人高雄長庚紀念醫院,361
2227,衛生福利部旗山醫院,衛生福利部臺南醫院,1
2271,衛生福利部旗山醫院,敏盛綜合醫院,3
2437,衛生福利部旗山醫院,財團法人天主教聖馬爾定醫院,1
2536,衛生福利部旗山醫院,財團法人天主教耕莘醫院,1
2925,衛生福利部旗山醫院,振興醫療財團法人振興醫院,1
2998,衛生福利部旗山醫院,臺北市立聯合醫院和平院區,1
3487,衛生福利部旗山醫院,寶建醫療社團法人寶建醫院,7
3510,衛生福利部旗山醫院,財團法人臺東基督教醫院,1
3982,衛生福利部旗山醫院,長庚醫療財團法人林口長庚紀念醫院,7
4119,衛生福利部旗山醫院,義大癌治療醫院,3
4490,衛生福利部旗山醫院,行天宮醫療志業醫療財團法人恩主公醫院,1
4552,衛生福利部旗山醫院,長庚醫療財團法人嘉義長庚紀念醫院,3
4759,衛生福利部旗山醫院,臺中榮民總醫院,3
5041,衛生福利部旗山醫院,中國醫藥大學附設醫院,2
5165,衛生福利部旗山醫院,澄清綜合醫院中港分院,4
5457,衛生福利部旗山醫院,郭綜合醫院,2
5564,衛生福利部旗山醫院,台灣基督長老教會馬偕醫療財團法人淡水馬偕紀念醫院,1
5971,衛生福利部旗山醫院,秀傳醫療社團法人秀傳紀念醫院,1
6003,衛生福利部旗山醫院,奇美醫療財團法人柳營奇美醫院,4
7080,衛生福利部旗山醫院,健仁醫院,8
7290,衛生福利部旗山醫院,屏基醫療財團法人屏東基督教醫院,10
7821,衛生福利部旗山醫院,彰化基督教醫療財團法人彰化基督教醫院,2
7994,衛生福利部旗山醫院,國立成功大學醫學院附設醫院斗六分院,1
8176,衛生福利部旗山醫院,衛生福利部臺北醫院,1
8339,衛生福利部旗山醫院,國立臺灣大學醫學院附設醫院,4
8403,衛生福利部旗山醫院,衛生福利部桃園醫院,1
8821,衛生福利部旗山醫院,奇美醫療財團法人奇美醫院(奇美醫學中心),69
8923,衛生福利部旗山醫院,童綜合醫療社團法人童綜合醫院,2
9958,衛生福利部旗山醫院,天主教聖功醫療財團法人聖功醫院,4
10836,衛生福利部旗山醫院,國仁醫院,10
10907,衛生福利部旗山醫院,衛生福利部南投醫院,1
11045,衛生福利部旗山醫院,安泰醫療社團法人潮州安泰醫院,1
11146,衛生福利部旗山醫院,臺北醫學大學附設醫院,1
11887,衛生福利部旗山醫院,衛生福利部雙和醫院,1
11940,衛生福利部旗山醫院,衛生福利部屏東醫院,9
11965,衛生福利部旗山醫院,奇美醫療財團法人佳里奇美醫院,2
12482,衛生福利部旗山醫院,安泰醫療社團法人安泰醫院,3
12547,衛生福利部旗山醫院,東元綜合醫院,1
12568,衛生福利部旗山醫院,國軍高雄總醫院岡山分院,1
12760,衛生福利部旗山醫院,國軍臺中總醫院附設民眾診療服務處,3
13317,衛生福利部旗山醫院,阮綜合醫療社團法人阮綜合醫院,19
13332,衛生福利部旗山醫院,臺南市立安南醫院,6
13518,衛生福利部旗山醫院,台灣基督長老教會馬偕醫療財團法人臺東馬偕紀念醫院,2
13965,衛生福利部旗山醫院,國軍桃園總醫院附設民眾診療服務處,1
14105,衛生福利部旗山醫院,臺南市立醫院,14
14312,衛生福利部旗山醫院,枋寮醫療社團法人枋寮醫院,1
14442,衛生福利部旗山醫院,杏和醫院(高雄),1
15406,衛生福利部旗山醫院,財團法人私立高雄醫學大學附設中和紀念醫院,184
15474,衛生福利部旗山醫院,國立成功大學醫學院附設醫院,35
15747,衛生福利部旗山醫院,台灣基督長老教會新樓醫療財團法人麻豆新樓醫院,2
15880,衛生福利部旗山醫院,國泰醫療財團法人新竹國泰綜合醫院,1
16189,衛生福利部旗山醫院,林新醫療社團法人林新醫院,1
16325,衛生福利部旗山醫院,臺中榮民總醫院嘉義分院,1
16344,衛生福利部旗山醫院,高雄榮民總醫院,410
16352,衛生福利部旗山醫院,仁愛醫療財團法人大里仁愛醫院,2
16679,衛生福利部旗山醫院,財團法人為恭紀念醫院,1
17195,衛生福利部旗山醫院,高雄市立聯合醫院,7
17494,衛生福利部旗山醫院,佛教慈濟醫療財團法人大林慈濟醫院,2
17538,衛生福利部旗山醫院,戴德森醫療財團法人嘉義基督教醫院,5
17552,衛生福利部旗山醫院,大東醫院,1
17750,衛生福利部旗山醫院,高雄市立小港醫院,13
18213,衛生福利部旗山醫院,高雄市立岡山醫院,1
251,寶建醫療社團法人寶建醫院,財團法人私立高雄醫學大學附設中和紀念醫院,2
6804,寶建醫療社團法人寶建醫院,義大醫療財團法人義大醫院,1
12636,寶建醫療社團法人寶建醫院,高雄榮民總醫院,1
